<?xml version="1.0" encoding="utf-8"?>
<!DOCTYPE hibernate-configuration SYSTEM 
"http://www.hibernate.org/dtd/hibernate-configuration-3.0.dtd">
<hibernate-configuration>
	<session-factory>
		<property name="hibernate.dialect">org.hibernate.dialect.MySQL5InnoDBDialect</property>
		<property name="hibernate.connection.driver_class">com.mysql.jdbc.Driver</property>
		<property name="hibernate.connection.url">jdbc:mysql://localhost:4406/vforum_hibernate</property>
		<property name="hibernate.connection.username">root</property>
		<property name="hibernate.connection.password">root</property>
		<property name="hibernate.hbm2ddl.auto">update</property>
		<property name="show_sql">true</property>
		<mapping class="com.vforum.model.Employee" />
		<mapping class="com.vforum.model.Post" />
		<mapping class="com.vforum.model.Answer" />
		<mapping class="com.vforum.model.Admin" />
	</session-factory>
</hibernate-configuration>