<?xml version='1.0' encoding='UTF-8'?>  
<!DOCTYPE hibernate-configuration PUBLIC  
          "-//Hibernate/Hibernate Configuration DTD 5.3//EN"  
          "http://hibernate.sourceforge.net/hibernate-configuration-5.3.dtd">  
  
<hibernate-configuration>  
  
    <session-factory>
   <property name="hibernate.dialect">org.hibernate.dialect.MySQLDialect</property>
   <property name="hibernate.connection.driver_class">com.mysql.jdbc.Driver</property>
   <property name="hibernate.connection.url">jdbc:mysql://localhost/vehicle</property>
   <property name="hibernate.connection.username">root</property>
   <property name="hibernate.connection.password">root</property>
   <property name="hibernate.hbm2ddl.auto">update</property>
   <property name="show_sql">true</property>
   <mapping class="com.virtusa.main.HibernateMain"/>
   <mapping class="com.virtusa.classes.Address"/>
   <mapping class="com.virtusa.classes.Mobile"/>
   <mapping class="com.virtusa.classes.User"/>
   <mapping class="com.virtusa.classes.Vehicle"/>
</session-factory>
</hibernate-configuration>  